"max","min"
3.26005294404524,0.0145006416450775
